{"low":{"fund":["SCBTMF","ONEPROP-SG"],"return":0.008913,"sd":0.000583,"buy_price":[11.3545,0.0],"weight":[99.96,0.04]},"mid":{"fund":["TMBTM","TSF"],"return":0.014111,"sd":0.000923,"buy_price":[13.6281,46.5155],"weight":[99.97,0.03]},"high":{"fund":["M-PROPERTY","TSF"],"return":0.2021,"sd":0.1054,"buy_price":[32.7352,46.5155],"weight":[56.82,43.18]}}